{
  "iteration": 12,
  "score": 0.8400000000000001,
  "user_scores": {
    "user1": 0.6,
    "user2": 1.0,
    "user3": 0.8,
    "user4": 0.8,
    "user5": 1.0
  },
  "prompt_length": 4460,
  "timestamp": 1746719877.310126,
  "edge_case_count": 0
}