{
  "iteration": 3,
  "score": 0.47833333333333333,
  "user_scores": {
    "user1": 0.4,
    "user2": 0.6666666666666666,
    "user3": 0.0,
    "user4": 0.625,
    "user5": 0.7
  },
  "prompt_length": 1896,
  "timestamp": 1746663094.91941,
  "edge_case_count": 2
}