{
  "iteration": 8,
  "score": 0.5183333333333333,
  "user_scores": {
    "user1": 0.0,
    "user2": 0.6666666666666666,
    "user3": 0.3,
    "user4": 0.625,
    "user5": 1.0
  },
  "prompt_length": 4155,
  "timestamp": 1746663368.938912,
  "edge_case_count": 2
}