{
  "iteration": 13,
  "score": 0.6599999999999999,
  "user_scores": {
    "user1": 0.7,
    "user2": 0.6,
    "user3": 0.0,
    "user4": 1.0,
    "user5": 1.0
  },
  "prompt_length": 4272,
  "timestamp": 1746663692.959523,
  "edge_case_count": 1
}