{
  "iteration": 14,
  "score": 0.6199999999999999,
  "user_scores": {
    "user1": 0.4,
    "user2": 1.0,
    "user3": 0.0,
    "user4": 0.7,
    "user5": 1.0
  },
  "prompt_length": 4191,
  "timestamp": 1746663754.1718369,
  "edge_case_count": 2
}