{
  "iteration": 2,
  "score": 0.6799999999999999,
  "user_scores": {
    "user1": 0.6,
    "user2": 0.8,
    "user3": 0.0,
    "user4": 1.0,
    "user5": 1.0
  },
  "prompt_length": 1562,
  "timestamp": 1746723612.5471659,
  "edge_case_count": 1
}