{
  "iteration": 7,
  "score": 0.3983333333333333,
  "user_scores": {
    "user1": 0.1111111111111111,
    "user2": 0.5555555555555556,
    "user3": 0.0,
    "user4": 0.625,
    "user5": 0.7
  },
  "prompt_length": 4417,
  "timestamp": 1746663317.847628,
  "edge_case_count": 2
}