{
  "iteration": 6,
  "score": 0.6799999999999999,
  "user_scores": {
    "user1": 0.8,
    "user2": 0.6,
    "user3": 0.0,
    "user4": 1.0,
    "user5": 1.0
  },
  "prompt_length": 4299,
  "timestamp": 1746722725.4265568,
  "edge_case_count": 1
}