{
  "iteration": 3,
  "score": 0.6444444444444445,
  "user_scores": {
    "user1": 0.2222222222222222,
    "user2": 1.0,
    "user3": 0.0,
    "user4": 1.0,
    "user5": 1.0
  },
  "prompt_length": 1264,
  "timestamp": 1746631183.616204,
  "edge_case_count": 2
}