{
  "iteration": 1,
  "score": 0.5722222222222222,
  "user_scores": {
    "user1": 0.1111111111111111,
    "user2": 1.0,
    "user3": 0.0,
    "user4": 0.75,
    "user5": 1.0
  },
  "prompt_length": 373,
  "timestamp": 1746631057.650574,
  "edge_case_count": 2
}