{
  "iteration": 15,
  "score": 0.7666666666666667,
  "user_scores": {
    "user1": 0.2222222222222222,
    "user2": 0.7777777777777778,
    "user3": 0.8333333333333334,
    "user4": 1.0,
    "user5": 1.0
  },
  "prompt_length": 4176,
  "timestamp": 1746723216.068127,
  "edge_case_count": 1
}