{
  "iteration": 3,
  "score": 0.6666666666666666,
  "user_scores": {
    "user1": 0.3333333333333333,
    "user2": 1.0,
    "user3": 0.0,
    "user4": 1.0,
    "user5": 1.0
  },
  "prompt_length": 2569,
  "timestamp": 1746722571.544657,
  "edge_case_count": 2
}