{
  "iteration": 20,
  "score": 0.5599999999999999,
  "user_scores": {
    "user1": 0.4,
    "user2": 0.7,
    "user3": 0.3,
    "user4": 0.7,
    "user5": 0.7
  },
  "prompt_length": 4263,
  "timestamp": 1746664141.2923641,
  "edge_case_count": 2
}