{
  "iteration": 17,
  "score": 0.8164285714285715,
  "user_scores": {
    "user1": 0.6,
    "user2": 1.0,
    "user3": 0.8571428571428571,
    "user4": 0.625,
    "user5": 1.0
  },
  "prompt_length": 4208,
  "timestamp": 1746663952.648156,
  "edge_case_count": 0
}