{
  "iteration": 9,
  "score": 0.8099999999999999,
  "user_scores": {
    "user1": 1.0,
    "user2": 0.8,
    "user3": 0.25,
    "user4": 1.0,
    "user5": 1.0
  },
  "prompt_length": 2567,
  "timestamp": 1746722893.086993,
  "edge_case_count": 1
}