{
  "iteration": 9,
  "score": 0.8857142857142858,
  "user_scores": {
    "user1": 0.42857142857142855,
    "user2": 1.0,
    "user3": 1.0,
    "user4": 1.0,
    "user5": 1.0
  },
  "prompt_length": 4181,
  "timestamp": 1746663423.688438,
  "edge_case_count": 1
}