{
  "iteration": 16,
  "score": 0.5155555555555555,
  "user_scores": {
    "user1": 0.2,
    "user2": 0.7777777777777778,
    "user3": 0.0,
    "user4": 1.0,
    "user5": 0.6
  },
  "prompt_length": 4231,
  "timestamp": 1746663875.8289332,
  "edge_case_count": 2
}