{
  "iteration": 16,
  "score": 0.6799999999999999,
  "user_scores": {
    "user1": 0.4,
    "user2": 1.0,
    "user3": 0.0,
    "user4": 1.0,
    "user5": 1.0
  },
  "prompt_length": 4634,
  "timestamp": 1746685256.745578,
  "edge_case_count": 2
}