{
  "iteration": 7,
  "score": 0.5599999999999999,
  "user_scores": {
    "user1": 0.0,
    "user2": 0.8,
    "user3": 0.0,
    "user4": 1.0,
    "user5": 1.0
  },
  "prompt_length": 3306,
  "timestamp": 1746723848.130631,
  "edge_case_count": 2
}