{
  "iteration": 11,
  "score": 0.5599999999999999,
  "user_scores": {
    "user1": 0.0,
    "user2": 1.0,
    "user3": 0.0,
    "user4": 0.8,
    "user5": 1.0
  },
  "prompt_length": 4193,
  "timestamp": 1746663551.315896,
  "edge_case_count": 2
}