{
  "iteration": 10,
  "score": 0.8222222222222222,
  "user_scores": {
    "user1": 0.1111111111111111,
    "user2": 1.0,
    "user3": 1.0,
    "user4": 1.0,
    "user5": 1.0
  },
  "prompt_length": 4122,
  "timestamp": 1746663473.1876018,
  "edge_case_count": 1
}