{
  "iteration": 5,
  "score": 0.7266666666666667,
  "user_scores": {
    "user1": 0.8,
    "user2": 1.0,
    "user3": 0.0,
    "user4": 0.8333333333333334,
    "user5": 1.0
  },
  "prompt_length": 3443,
  "timestamp": 1746722670.620755,
  "edge_case_count": 1
}